PLAYER_NAME,FIRST_NAME,LAST_NAME,PLAYER_ID
A.J. Lawson,A.J.,Lawson,1630639
Aaron Brooks,Aaron,Brooks,201166
Aaron Gordon,Aaron,Gordon,203932
Aaron Gray,Aaron,Gray,201189
Aaron Harrison,Aaron,Harrison,1626151
Aaron Henry,Aaron,Henry,1630565
Aaron Holiday,Aaron,Holiday,1628988
Aaron Jackson,Aaron,Jackson,1628935
Aaron Nesmith,Aaron,Nesmith,1630174
Aaron Wiggins,Aaron,Wiggins,1630598
Abdel Nader,Abdel,Nader,1627846
Adam Mokoka,Adam,Mokoka,1629690
Ade Murkey,Ade,Murkey,1630278
Admiral Schofield,Admiral,Schofield,1629678
Adonis Thomas,Adonis,Thomas,203519
Adreian Payne,Adreian,Payne,203940
Ahmad Caver,Ahmad,Caver,1629958
AJ Green,AJ,Green,1631260
AJ Griffin,AJ,Griffin,1631100
AJ Hammons,AJ,Hammons,1627773
AJ Price,AJ,Price,201985
Al Harrington,Al,Harrington,1733
Al Horford,Al,Horford,201143
Al Jefferson,Al,Jefferson,2744
Al-Farouq Aminu,Al-Farouq,Aminu,202329
Alan Anderson,Alan,Anderson,101187
Alan Williams,Alan,Williams,1626210
Alec Burks,Alec,Burks,202692
Alec Peters,Alec,Peters,1628409
Aleem Ford,Aleem,Ford,1630758
Aleksej Pokusevski,Aleksej,Pokusevski,1630197
Alen Smailagic,Alen,Smailagic,1629346
Alex Abrines,Alex,Abrines,203518
Alex Caruso,Alex,Caruso,1627936
Alex Kirk,Alex,Kirk,203945
Alex Len,Alex,Len,203458
Alex Poythress,Alex,Poythress,1627816
Alex Stepheson,Alex,Stepheson,1627293
Alexey Shved,Alexey,Shved,203144
Alexis Ajinca,Alexis,Ajinca,201582
Alfonzo McKinnie,Alfonzo,McKinnie,1628035
Alize Johnson,Alize,Johnson,1628993
Allen Crabbe,Allen,Crabbe,203459
Allonzo Trier,Allonzo,Trier,1629019
Alondes Williams,Alondes,Williams,1631214
Alonzo Gee,Alonzo,Gee,202087
Alperen Sengun,Alperen,Sengun,1630578
Amar'e Stoudemire,Amar'e,Stoudemire,2405
Amida Brimah,Amida,Brimah,1628578
Amile Jefferson,Amile,Jefferson,1628518
Amir Coffey,Amir,Coffey,1629599
Amir Johnson,Amir,Johnson,101161
Anderson Varejao,Anderson,Varejao,2760
Andray Blatche,Andray,Blatche,101154
Andre Dawkins,Andre,Dawkins,203958
Andre Drummond,Andre,Drummond,203083
Andre Iguodala,Andre,Iguodala,2738
Andre Ingram,Andre,Ingram,201281
Andre Miller,Andre,Miller,1889
Andre Roberson,Andre,Roberson,203460
Andrea Bargnani,Andrea,Bargnani,200745
Andrei Kirilenko,Andrei,Kirilenko,1905
Andrew Bogut,Andrew,Bogut,101106
Andrew Bynum,Andrew,Bynum,101115
Andrew Goudelock,Andrew,Goudelock,202726
Andrew Harrison,Andrew,Harrison,1626150
Andrew Nembhard,Andrew,Nembhard,1629614
Andrew Nicholson,Andrew,Nicholson,203094
Andrew White III,Andrew,White III,1628510
Andrew Wiggins,Andrew,Wiggins,203952
Andris Biedrins,Andris,Biedrins,2740
Anfernee Simons,Anfernee,Simons,1629014
Angel Delgado,Angel,Delgado,1629116
Antawn Jamison,Antawn,Jamison,1712
Ante Zizic,Ante,Zizic,1627790
Anthony Bennett,Anthony,Bennett,203461
Anthony Brown,Anthony,Brown,1626148
Anthony Davis,Anthony,Davis,203076
Anthony Edwards,Anthony,Edwards,1630162
Anthony Gill,Anthony,Gill,1630264
Anthony Lamb,Anthony,Lamb,1630237
Anthony Morrow,Anthony,Morrow,201627
Anthony Randolph,Anthony,Randolph,201576
Anthony Tolliver,Anthony,Tolliver,201229
Antonio Blakeney,Antonio,Blakeney,1628469
Antonius Cleveland,Antonius,Cleveland,1628499
Anzejs Pasecniks,Anzejs,Pasecniks,1628394
Archie Goodwin,Archie,Goodwin,203462
Aric Holman,Aric,Holman,1629689
Arinze Onuaku,Arinze,Onuaku,202620
Armoni Brooks,Armoni,Brooks,1629717
Arnett Moultrie,Arnett,Moultrie,203102
Arnoldas Kulboka,Arnoldas,Kulboka,1629083
Aron Baynes,Aron,Baynes,203382
Arron Afflalo,Arron,Afflalo,201167
Ashton Hagans,Ashton,Hagans,1630204
Austin Daye,Austin,Daye,201948
Austin Reaves,Austin,Reaves,1630559
Austin Rivers,Austin,Rivers,203085
Avery Bradley,Avery,Bradley,202340
Axel Toupane,Axel,Toupane,1626253
Ayo Dosunmu,Ayo,Dosunmu,1630245
Bam Adebayo,Bam,Adebayo,1628389
Ben Bentil,Ben,Bentil,1627791
Ben Gordon,Ben,Gordon,2732
Ben McLemore,Ben,McLemore,203463
Ben Moore,Ben,Moore,1628500
Ben Simmons,Ben,Simmons,1627732
Bennedict Mathurin,Bennedict,Mathurin,1631097
Beno Udrih,Beno,Udrih,2757
Bernard James,Bernard,James,203108
Billy Garrett,Billy,Garrett,1628656
Bismack Biyombo,Bismack,Biyombo,202687
BJ Johnson,BJ,Johnson,1629168
Blake Griffin,Blake,Griffin,201933
Blake Wesley,Blake,Wesley,1631104
Boban Marjanovic,Boban,Marjanovic,1626246
Bobby Brown,Bobby,Brown,201628
Bobby Portis,Bobby,Portis,1626171
Bogdan Bogdanovic,Bogdan,Bogdanovic,203992
Bojan Bogdanovic,Bojan,Bogdanovic,202711
Bol Bol,Bol,Bol,1629626
Bones Hyland,Bones,Hyland,1630538
Bonzie Colson,Bonzie,Colson,1629045
Boris Diaw,Boris,Diaw,2564
Brad Wanamaker,Brad,Wanamaker,202954
Bradley Beal,Bradley,Beal,203078
Brandan Wright,Brandan,Wright,201148
Branden Dawson,Branden,Dawson,1626183
Brandon Bass,Brandon,Bass,101138
Brandon Boston Jr.,Brandon,Boston Jr.,1630527
Brandon Clarke,Brandon,Clarke,1629634
Brandon Davies,Brandon,Davies,203561
Brandon Goodwin,Brandon,Goodwin,1629164
Brandon Ingram,Brandon,Ingram,1627742
Brandon Jennings,Brandon,Jennings,201943
Brandon Knight,Brandon,Knight,202688
Brandon Paul,Brandon,Paul,203464
Brandon Rush,Brandon,Rush,201575
Brandon Sampson,Brandon,Sampson,1629102
Brandon Williams,Brandon,Williams,1630314
Braxton Key,Braxton,Key,1630296
Brendan Haywood,Brendan,Haywood,2217
Brian Bowen II,Brian,Bowen II,1628968
Brian Roberts,Brian,Roberts,203148
Briante Weber,Briante,Weber,1627362
Brice Johnson,Brice,Johnson,1627744
Brodric Thomas,Brodric,Thomas,1630271
Brook Lopez,Brook,Lopez,201572
Bruce Brown,Bruce,Brown,1628971
Bruno Caboclo,Bruno,Caboclo,203998
Bruno Fernando,Bruno,Fernando,1628981
Bryce Cotton,Bryce,Cotton,203955
Bryce Dejean-Jones,Bryce,Dejean-Jones,1626214
Bryce McGowens,Bryce,McGowens,1631121
Bryn Forbes,Bryn,Forbes,1627854
Buddy Boeheim,Buddy,Boeheim,1631205
Buddy Hield,Buddy,Hield,1627741
Byron Mullens,Byron,Mullens,201957
C.J. Watson,C.J.,Watson,201228
C.J. Wilcox,C.J.,Wilcox,203912
C.J. Williams,C.J.,Williams,203710
Cade Cunningham,Cade,Cunningham,1630595
Caleb Homesley,Caleb,Homesley,1630258
Caleb Houstan,Caleb,Houstan,1631216
Caleb Martin,Caleb,Martin,1628997
Caleb Swanigan,Caleb,Swanigan,1628403
Cam Reddish,Cam,Reddish,1629629
Cam Reynolds,Cam,Reynolds,1629244
Cam Thomas,Cam,Thomas,1630560
Cameron Bairstow,Cameron,Bairstow,203946
Cameron Johnson,Cameron,Johnson,1629661
Cameron McGriff,Cameron,McGriff,1630787
Cameron Oliver,Cameron,Oliver,1628419
Cameron Payne,Cameron,Payne,1626166
Caris LeVert,Caris,LeVert,1627747
Carl Landry,Carl,Landry,201171
Carlik Jones,Carlik,Jones,1630637
Carlos Boozer,Carlos,Boozer,2430
Carlos Delfino,Carlos,Delfino,2568
Carmelo Anthony,Carmelo,Anthony,2546
Caron Butler,Caron,Butler,2406
Carrick Felix,Carrick,Felix,203467
Carsen Edwards,Carsen,Edwards,1629035
Cartier Martin,Cartier,Martin,201858
Casper Ware,Casper,Ware,203810
Cassius Stanley,Cassius,Stanley,1630199
Cassius Winston,Cassius,Winston,1630216
Cat Barber,Cat,Barber,1627760
Cedi Osman,Cedi,Osman,1626224
Chandler Hutchison,Chandler,Hutchison,1628990
Chandler Parsons,Chandler,Parsons,202718
Channing Frye,Channing,Frye,101112
Charles Bassey,Charles,Bassey,1629646
Charles Cooke,Charles,Cooke,1628429
Charlie Brown Jr.,Charlie,Brown Jr.,1629718
Charlie Villanueva,Charlie,Villanueva,101111
Chase Budinger,Chase,Budinger,201978
Chasson Randle,Chasson,Randle,1626184
Chauncey Billups,Chauncey,Billups,1497
Chaundee Brown Jr.,Chaundee,Brown Jr.,1630602
Cheick Diallo,Cheick,Diallo,1627767
Chet Holmgren,Chet,Holmgren,1631096
Chima Moneke,Chima,Moneke,1631320
Chimezie Metu,Chimezie,Metu,1629002
Chinanu Onuaku,Chinanu,Onuaku,1627778
Chris Andersen,Chris,Andersen,2365
Chris Babb,Chris,Babb,203569
Chris Bosh,Chris,Bosh,2547
Chris Boucher,Chris,Boucher,1628449
Chris Chiozza,Chris,Chiozza,1629185
Chris Clemons,Chris,Clemons,1629598
Chris Copeland,Chris,Copeland,203142
Chris Douglas-Roberts,Chris,Douglas-Roberts,201604
Chris Duarte,Chris,Duarte,1630537
Chris Johnson,Chris,Johnson,203187
Chris Kaman,Chris,Kaman,2549
Chris McCullough,Chris,McCullough,1626191
Chris Paul,Chris,Paul,101108
Chris Silva,Chris,Silva,1629735
Chris Singleton,Chris,Singleton,202698
Chris Smith,Chris,Smith,203147
Chris Wright,Chris,Wright,202874
Christian Braun,Christian,Braun,1631128
Christian Koloko,Christian,Koloko,1631132
Christian Wood,Christian,Wood,1626174
Chuck Hayes,Chuck,Hayes,101236
Chuma Okeke,Chuma,Okeke,1629643
CJ Elleby,CJ,Elleby,1629604
CJ McCollum,CJ,McCollum,203468
CJ Miles,CJ,Miles,101139
Cleanthony Early,Cleanthony,Early,203921
Cliff Alexander,Cliff,Alexander,1626146
Clint Capela,Clint,Capela,203991
Coby White,Coby,White,1629632
Cody Martin,Cody,Martin,1628998
Cody Zeller,Cody,Zeller,203469
Cole Aldrich,Cole,Aldrich,202332
Cole Anthony,Cole,Anthony,1630175
Cole Swider,Cole,Swider,1631306
Collin Gillespie,Collin,Gillespie,1631221
Collin Sexton,Collin,Sexton,1629012
Corey Brewer,Corey,Brewer,201147
Corey Kispert,Corey,Kispert,1630557
Cory Jefferson,Cory,Jefferson,203928
Cory Joseph,Cory,Joseph,202709
Coty Clarke,Coty,Clarke,1626262
Courtney Lee,Courtney,Lee,201584
Craig Sword,Craig,Sword,1628591
Cristiano Felicio,Cristiano,Felicio,1626245
D.J. Augustin,D.J.,Augustin,201571
D.J. Wilson,D.J.,Wilson,1628391
D'Angelo Russell,D'Angelo,Russell,1626156
Dahntay Jones,Dahntay,Jones,2563
Dairis Bertans,Dairis,Bertans,1629541
Daishen Nix,Daishen,Nix,1630227
Dakari Johnson,Dakari,Johnson,1626177
Dakota Mathias,Dakota,Mathias,1629751
Dalano Banton,Dalano,Banton,1630625
Dalen Terry,Dalen,Terry,1631207
Damian Jones,Damian,Jones,1627745
Damian Lillard,Damian,Lillard,203081
Damien Inglis,Damien,Inglis,203996
Damien Wilkins,Damien,Wilkins,2863
Damion James,Damion,James,202345
Damion Lee,Damion,Lee,1627814
Damjan Rudez,Damjan,Rudez,204014
Damyean Dotson,Damyean,Dotson,1628422
Daniel Gafford,Daniel,Gafford,1629655
Daniel Hamilton,Daniel,Hamilton,1627772
Daniel Ochefu,Daniel,Ochefu,1627849
Daniel Orton,Daniel,Orton,202350
Daniel Oturu,Daniel,Oturu,1630187
Daniel Theis,Daniel,Theis,1628464
Danilo Gallinari,Danilo,Gallinari,201568
Danny Granger,Danny,Granger,101122
Danny Green,Danny,Green,201980
Dante Cunningham,Dante,Cunningham,201967
Dante Exum,Dante,Exum,203957
Danuel House Jr.,Danuel,House Jr.,1627863
Danuel House Jr.,Danuel,House Jr.,1627863
DaQuan Jeffries,DaQuan,Jeffries,1629610
Dario Saric,Dario,Saric,203967
Darius Bazley,Darius,Bazley,1629647
Darius Days,Darius,Days,1630620
Darius Garland,Darius,Garland,1629636
Darius Johnson-Odom,Darius,Johnson-Odom,203130
Darius Miller,Darius,Miller,203121
Darius Morris,Darius,Morris,202721
Darrell Arthur,Darrell,Arthur,201589
Darren Collison,Darren,Collison,201954
Darrun Hilliard,Darrun,Hilliard,1626199
Daryl Macon,Daryl,Macon,1629133
Daulton Hommes,Daulton,Hommes,1629756
David Duke Jr.,David,Duke Jr.,1630561
David Johnson,David,Johnson,1630525
David Lee,David,Lee,101135
David Nwaba,David,Nwaba,1628021
David Roddy,David,Roddy,1631223
David Stockton,David,Stockton,204065
David Wear,David,Wear,204033
David West,David,West,2561
Davion Mitchell,Davion,Mitchell,1630558
Davis Bertans,Davis,Bertans,202722
Davon Reed,Davon,Reed,1628432
Day'Ron Sharpe,Day'Ron,Sharpe,1630549
De'Aaron Fox,De'Aaron,Fox,1628368
De'Andre Hunter,De'Andre,Hunter,1629631
De'Anthony Melton,De'Anthony,Melton,1629001
Dean Wade,Dean,Wade,1629731
Deandre Ayton,Deandre,Ayton,1629028
DeAndre Jordan,DeAndre,Jordan,201599
DeAndre Liggins,DeAndre,Liggins,202732
DeAndre' Bembry,DeAndre',Bembry,1627761
Deividas Sirvydis,Deividas,Sirvydis,1629686
DeJon Jarreau,DeJon,Jarreau,1630610
Dejounte Murray,Dejounte,Murray,1627749
DeJuan Blair,DeJuan,Blair,201971
Delon Wright,Delon,Wright,1626153
DeMar DeRozan,DeMar,DeRozan,201942
DeMarcus Cousins,DeMarcus,Cousins,202326
DeMarre Carroll,DeMarre,Carroll,201960
Demetrius Jackson,Demetrius,Jackson,1627743
Deng Adel,Deng,Adel,1629061
Deni Avdija,Deni,Avdija,1630166
Dennis Schroder,Dennis,Schroder,203471
Dennis Smith Jr.,Dennis,Smith Jr.,1628372
Denzel Valentine,Denzel,Valentine,1627756
Deonte Burton,Deonte,Burton,1629126
Derek Fisher,Derek,Fisher,965
Dereon Seabron,Dereon,Seabron,1631220
Deron Williams,Deron,Williams,101114
Derrick Favors,Derrick,Favors,202324
Derrick Jones Jr.,Derrick,Jones Jr.,1627884
Derrick Rose,Derrick,Rose,201565
Derrick Walton Jr.,Derrick,Walton Jr.,1628476
Derrick White,Derrick,White,1628401
Derrick Williams,Derrick,Williams,202682
Desmond Bane,Desmond,Bane,1630217
DeVaughn Akoon-Purcell,DeVaughn,Akoon-Purcell,1629152
Devin Booker,Devin,Booker,1626164
Devin Cannady,Devin,Cannady,1629962
Devin Harris,Devin,Harris,2734
Devin Robinson,Devin,Robinson,1628421
Devin Vassell,Devin,Vassell,1630170
Devon Dotson,Devon,Dotson,1629653
Devon Hall,Devon,Hall,1628985
Devontae Cacok,Devontae,Cacok,1629719
Devonte' Graham,Devonte',Graham,1628984
Devyn Marble,Devyn,Marble,203906
Dewan Hernandez,Dewan,Hernandez,1629608
Dewayne Dedmon,Dewayne,Dedmon,203473
Dexter Pittman,Dexter,Pittman,202354
Deyonta Davis,Deyonta,Davis,1627738
Diamond Stone,Diamond,Stone,1627754
Diante Garrett,Diante,Garrett,203197
Didi Louzada,Didi,Louzada,1629712
Dillon Brooks,Dillon,Brooks,1628415
Dion Waiters,Dion,Waiters,203079
Dionte Christmas,Dionte,Christmas,202091
Dirk Nowitzki,Dirk,Nowitzki,1717
DJ Stephens,DJ,Stephens,203474
DJ Stewart,DJ,Stewart,1630597
DJ White,DJ,White,201591
Domantas Sabonis,Domantas,Sabonis,1627734
Dominick Barlow,Dominick,Barlow,1631230
Donald Sloan,Donald,Sloan,202388
Donatas Motiejunas,Donatas,Motiejunas,202700
Donovan Mitchell,Donovan,Mitchell,1628378
Donovan Williams,Donovan,Williams,1631495
Donta Hall,Donta,Hall,1629743
Donte DiVincenzo,Donte,DiVincenzo,1628978
Donte Grantham,Donte,Grantham,1629055
Dorell Wright,Dorell,Wright,2748
Dorian Finney-Smith,Dorian,Finney-Smith,1627827
Doron Lamb,Doron,Lamb,203117
Doug McDermott,Doug,McDermott,203926
Dragan Bender,Dragan,Bender,1627733
Draymond Green,Draymond,Green,203110
Drew Eubanks,Drew,Eubanks,1629234
Drew Gooden,Drew,Gooden,2400
Drew Gordon,Drew,Gordon,204079
Dru Smith,Dru,Smith,1630696
Duane Washington Jr.,Duane,Washington Jr.,1630613
Duje Dukan,Duje,Dukan,1626251
Duncan Robinson,Duncan,Robinson,1629130
Dusty Hannahs,Dusty,Hannahs,1628605
Dwayne Bacon,Dwayne,Bacon,1628407
Dwight Buycks,Dwight,Buycks,202779
Dwight Howard,Dwight,Howard,2730
Dwight Powell,Dwight,Powell,203939
Dwyane Wade,Dwyane,Wade,2548
Dylan Windler,Dylan,Windler,1629685
Dyson Daniels,Dyson,Daniels,1630700
Dzanan Musa,Dzanan,Musa,1629058
E.J. Liddell,E.J.,Liddell,1630604
E'Twaun Moore,E'Twaun,Moore,202734
Earl Barron,Earl,Barron,2853
Earl Clark,Earl,Clark,201947
Earl Watson,Earl,Watson,2248
Ed Davis,Ed,Davis,202334
Edmond Sumner,Edmond,Sumner,1628410
Edy Tavares,Edy,Tavares,204002
Ekpe Udoh,Ekpe,Udoh,202327
Elfrid Payton,Elfrid,Payton,203901
Elias Harris,Elias,Harris,203548
Elie Okobo,Elie,Okobo,1629059
Elijah Bryant,Elijah,Bryant,1629091
Elijah Hughes,Elijah,Hughes,1630190
Elijah Millsap,Elijah,Millsap,202407
Elliot Williams,Elliot,Williams,202343
Elton Brand,Elton,Brand,1882
Emanuel Terry,Emanuel,Terry,1629150
Emeka Okafor,Emeka,Okafor,2731
Emmanuel Mudiay,Emmanuel,Mudiay,1626144
Enes Freedom,Enes,Freedom,202683
Eric Bledsoe,Eric,Bledsoe,202339
Eric Gordon,Eric,Gordon,201569
Eric Maynor,Eric,Maynor,201953
Eric Mika,Eric,Mika,1628450
Eric Moreland,Eric,Moreland,203961
Eric Paschall,Eric,Paschall,1629672
Erick Green,Erick,Green,203475
Erik McCree,Erik,McCree,1628571
Erik Murphy,Erik,Murphy,203513
Ersan Ilyasova,Ersan,Ilyasova,101141
Eugene Omoruyi,Eugene,Omoruyi,1630647
Evan Fournier,Evan,Fournier,203095
Evan Mobley,Evan,Mobley,1630596
Evan Turner,Evan,Turner,202323
Facundo Campazzo,Facundo,Campazzo,1630267
Feron Hunt,Feron,Hunt,1630624
Festus Ezeli,Festus,Ezeli,203105
Francisco Garcia,Francisco,Garcia,101128
Frank Jackson,Frank,Jackson,1628402
Frank Kaminsky,Frank,Kaminsky,1626163
Frank Mason III,Frank,Mason III,1628412
Frank Mason III,Frank,Mason III,1628412
Frank Ntilikina,Frank,Ntilikina,1628373
Franz Wagner,Franz,Wagner,1630532
Fred VanVleet,Fred,VanVleet,1627832
Freddie Gillespie,Freddie,Gillespie,1630273
Furkan Aldemir,Furkan,Aldemir,203128
Furkan Korkmaz,Furkan,Korkmaz,1627788
Gabe Vincent,Gabe,Vincent,1629216
Gabe York,Gabe,York,1628221
Gabriel Deck,Gabriel,Deck,1630466
Gabriel Lundberg,Gabriel,Lundberg,1630994
Gal Mekel,Gal,Mekel,203539
Garrett Temple,Garrett,Temple,202066
Garrison Mathews,Garrison,Mathews,1629726
Gary Clark,Gary,Clark,1629109
Gary Harris,Gary,Harris,203914
Gary Neal,Gary,Neal,202390
Gary Payton II,Gary,Payton II,1627780
Gary Trent Jr.,Gary,Trent Jr.,1629018
George Hill,George,Hill,201588
George King,George,King,1628994
Georges Niang,Georges,Niang,1627777
Georgios Kalaitzakis,Georgios,Kalaitzakis,1630686
Georgios Papagiannis,Georgios,Papagiannis,1627834
Gerald Green,Gerald,Green,101123
Gerald Henderson,Gerald,Henderson,201945
Gerald Wallace,Gerald,Wallace,2222
Gian Clavell,Gian,Clavell,1628492
Giannis Antetokounmpo,Giannis,Antetokounmpo,203507
Gigi Datome,Gigi,Datome,203540
Glen Davis,Glen,Davis,201175
Glen Rice,Glen,Rice,203318
Glenn Robinson III,Glenn,Robinson III,203922
Goga Bitadze,Goga,Bitadze,1629048
Goran Dragic,Goran,Dragic,201609
Gordon Hayward,Gordon,Hayward,202330
Gorgui Dieng,Gorgui,Dieng,203476
Grant Jerrett,Grant,Jerrett,203511
Grant Riller,Grant,Riller,1630203
Grant Williams,Grant,Williams,1629684
Grayson Allen,Grayson,Allen,1628960
Greg Brown III,Greg,Brown III,1630535
Greg Monroe,Greg,Monroe,202328
Greg Oden,Greg,Oden,201141
Greg Smith,Greg,Smith,202962
Greg Stiemsma,Greg,Stiemsma,201880
Greg Whittington,Greg,Whittington,204222
Greivis Vasquez,Greivis,Vasquez,202349
Guerschon Yabusele,Guerschon,Yabusele,1627824
Gustavo Ayon,Gustavo,Ayon,202970
Hamady Ndiaye,Hamady,Ndiaye,202380
Hamidou Diallo,Hamidou,Diallo,1628977
Harrison Barnes,Harrison,Barnes,203084
Harry Giles III,Harry,Giles III,1628385
Hasheem Thabeet,Hasheem,Thabeet,201934
Hassan Whiteside,Hassan,Whiteside,202355
Hassani Gravett,Hassani,Gravett,1629755
Haywood Highsmith,Haywood,Highsmith,1629312
Hedo Turkoglu,Hedo,Turkoglu,2045
Henry Ellenson,Henry,Ellenson,1627740
Henry Sims,Henry,Sims,203156
Henry Walker,Henry,Walker,201611
Herbert Jones,Herbert,Jones,1630529
Hilton Armstrong,Hilton,Armstrong,200756
Hollis Thompson,Hollis,Thompson,203138
Ian Clark,Ian,Clark,203546
Ian Mahinmi,Ian,Mahinmi,101133
Ibou Badji,Ibou,Badji,1630641
Ignas Brazdeikis,Ignas,Brazdeikis,1629649
Ike Anigbogu,Ike,Anigbogu,1628387
Iman Shumpert,Iman,Shumpert,202697
Immanuel Quickley,Immanuel,Quickley,1630193
Isaac Bonga,Isaac,Bonga,1629067
Isaac Humphries,Isaac,Humphries,1629353
Isaac Okoro,Isaac,Okoro,1630171
Isaiah Briscoe,Isaiah,Briscoe,1628515
Isaiah Canaan,Isaiah,Canaan,203477
Isaiah Hartenstein,Isaiah,Hartenstein,1628392
Isaiah Hicks,Isaiah,Hicks,1628439
Isaiah Jackson,Isaiah,Jackson,1630543
Isaiah Joe,Isaiah,Joe,1630198
Isaiah Livers,Isaiah,Livers,1630587
Isaiah Mobley,Isaiah,Mobley,1630600
Isaiah Roby,Isaiah,Roby,1629676
Isaiah Stewart,Isaiah,Stewart,1630191
Isaiah Taylor,Isaiah,Taylor,1627819
Isaiah Thomas,Isaiah,Thomas,202738
Isaiah Todd,Isaiah,Todd,1630225
Isaiah Whitehead,Isaiah,Whitehead,1627785
Ish Smith,Ish,Smith,202397
Ish Wainright,Ish,Wainright,1630688
Ivan Rabb,Ivan,Rabb,1628397
Ivica Zubac,Ivica,Zubac,1627826
J.J. Barea,J.J.,Barea,200826
J.P. Macura,J.P.,Macura,1629122
Ja Morant,Ja,Morant,1629630
Jabari Bird,Jabari,Bird,1628444
Jabari Brown,Jabari,Brown,203913
Jabari Parker,Jabari,Parker,203953
Jabari Smith Jr.,Jabari,Smith Jr.,1631095
Jabari Walker,Jabari,Walker,1631133
Jack Cooley,Jack,Cooley,204022
Jack White,Jack,White,1631298
Jacob Evans,Jacob,Evans,1628980
Jacob Pullen,Jacob,Pullen,1626643
Jacob Wiley,Jacob,Wiley,1628451
Jaden Hardy,Jaden,Hardy,1630702
Jaden Ivey,Jaden,Ivey,1631093
Jaden McDaniels,Jaden,McDaniels,1630183
Jaden Springer,Jaden,Springer,1630531
Jae Crowder,Jae,Crowder,203109
Jae'Sean Tate,Jae'Sean,Tate,1630256
Jahlil Okafor,Jahlil,Okafor,1626143
Jahmi'us Ramsey,Jahmi'us,Ramsey,1630186
Jaime Echenique,Jaime,Echenique,1630693
JaKarr Sampson,JaKarr,Sampson,203960
Jake LaRavia,Jake,LaRavia,1631222
Jake Layman,Jake,Layman,1627774
Jakob Poeltl,Jakob,Poeltl,1627751
Jalen Brunson,Jalen,Brunson,1628973
Jalen Duren,Jalen,Duren,1631105
Jalen Green,Jalen,Green,1630224
Jalen Harris,Jalen,Harris,1630223
Jalen Johnson,Jalen,Johnson,1630552
Jalen Jones,Jalen,Jones,1627883
Jalen Lecque,Jalen,Lecque,1629665
Jalen McDaniels,Jalen,McDaniels,1629667
Jalen Smith,Jalen,Smith,1630188
Jalen Suggs,Jalen,Suggs,1630591
Jalen Williams,Jalen,Williams,1631114
Jamaal Franklin,Jamaal,Franklin,203479
Jamaal Tinsley,Jamaal,Tinsley,2224
Jamal Cain,Jamal,Cain,1631288
Jamal Crawford,Jamal,Crawford,2037
Jamal Murray,Jamal,Murray,1627750
Jamaree Bouyea,Jamaree,Bouyea,1631123
Jameel Warney,Jameel,Warney,1627866
Jameer Nelson,Jameer,Nelson,2749
Jamel Artis,Jamel,Artis,1628503
James Anderson,James,Anderson,202341
James Bouknight,James,Bouknight,1630547
James Ennis III,James,Ennis III,203516
James Harden,James,Harden,201935
James Johnson,James,Johnson,201949
James Jones,James,Jones,2592
James Michael McAdoo,James Michael,McAdoo,203949
James Nunnally,James,Nunnally,203263
James Southerland,James,Southerland,203480
James Webb III,James,Webb III,1627821
James Wiseman,James,Wiseman,1630164
James Young,James,Young,203923
Jamil Wilson,Jamil,Wilson,203966
Jamorko Pickett,Jamorko,Pickett,1630691
JaMychal Green,JaMychal,Green,203210
Jan Vesely,Jan,Vesely,202686
Jannero Pargo,Jannero,Pargo,2457
JaQuori McLaughlin,JaQuori,McLaughlin,1630605
Jared Butler,Jared,Butler,1630215
Jared Cunningham,Jared,Cunningham,203099
Jared Dudley,Jared,Dudley,201162
Jared Harper,Jared,Harper,1629607
Jared Rhoden,Jared,Rhoden,1631197
Jared Sullinger,Jared,Sullinger,203096
Jared Terrell,Jared,Terrell,1629123
Jarell Eddie,Jarell,Eddie,204067
Jarell Martin,Jarell,Martin,1626185
Jaren Jackson Jr.,Jaren,Jackson Jr.,1628991
Jarnell Stokes,Jarnell,Stokes,203950
Jaron Blossomgame,Jaron,Blossomgame,1628417
Jarred Vanderbilt,Jarred,Vanderbilt,1629020
Jarrell Brantley,Jarrell,Brantley,1629714
Jarrett Allen,Jarrett,Allen,1628386
Jarrett Culver,Jarrett,Culver,1629633
Jarrett Jack,Jarrett,Jack,101127
Jarrod Uthoff,Jarrod,Uthoff,1627784
Jarron Cumberland,Jarron,Cumberland,1629600
Jarvis Varnado,Jarvis,Varnado,202363
Jason Collins,Jason,Collins,2215
Jason Maxiell,Jason,Maxiell,101131
Jason Preston,Jason,Preston,1630554
Jason Richardson,Jason,Richardson,2202
Jason Smith,Jason,Smith,201160
Jason Terry,Jason,Terry,1891
Jason Thompson,Jason,Thompson,201574
JaVale McGee,JaVale,McGee,201580
Javin DeLaurier,Javin,DeLaurier,1629602
Javonte Green,Javonte,Green,1629750
Javonte Smart,Javonte,Smart,1630606
Jawun Evans,Jawun,Evans,1628393
Jaxson Hayes,Jaxson,Hayes,1629637
Jay Huff,Jay,Huff,1630643
Jay Scrubb,Jay,Scrubb,1630206
Jaylen Adams,Jaylen,Adams,1629121
Jaylen Brown,Jaylen,Brown,1627759
Jaylen Hoard,Jaylen,Hoard,1629658
Jaylen Morris,Jaylen,Morris,1628537
Jaylen Nowell,Jaylen,Nowell,1629669
Jaylin Williams,Jaylin,Williams,1631119
Jaysean Paige,Jaysean,Paige,1629873
Jayson Tatum,Jayson,Tatum,1628369
JD Davison,JD,Davison,1631120
Jeenathan Williams,Jeenathan,Williams,1631466
Jeff Adrien,Jeff,Adrien,202399
Jeff Ayres,Jeff,Ayres,201965
Jeff Dowtin Jr.,Jeff,Dowtin Jr.,1630288
Jeff Dowtin Jr.,Jeff,Dowtin Jr.,1630288
Jeff Green,Jeff,Green,201145
Jeff Teague,Jeff,Teague,201952
Jeff Withey,Jeff,Withey,203481
Jeffery Taylor,Jeffery,Taylor,203106
Jemerrio Jones,Jemerrio,Jones,1629203
Jerami Grant,Jerami,Grant,203924
Jerel McNeal,Jerel,McNeal,202077
Jeremiah Martin,Jeremiah,Martin,1629725
Jeremiah Robinson-Earl,Jeremiah,Robinson-Earl,1630526
Jeremy Evans,Jeremy,Evans,202379
Jeremy Lamb,Jeremy,Lamb,203087
Jeremy Lin,Jeremy,Lin,202391
Jeremy Pargo,Jeremy,Pargo,202951
Jeremy Sochan,Jeremy,Sochan,1631110
Jeremy Tyler,Jeremy,Tyler,202719
Jerian Grant,Jerian,Grant,1626170
Jericho Sims,Jericho,Sims,1630579
Jermaine O'Neal,Jermaine,O'Neal,979
Jerome Jordan,Jerome,Jordan,202366
Jerome Robinson,Jerome,Robinson,1629010
Jerrelle Benimon,Jerrelle,Benimon,203968
Jerryd Bayless,Jerryd,Bayless,201573
Jevon Carter,Jevon,Carter,1628975
Jimmer Fredette,Jimmer,Fredette,202690
Jimmy Butler,Jimmy,Butler,202710
JJ Hickson,JJ,Hickson,201581
JJ O'Brien,JJ,O'Brien,1626266
JJ Redick,JJ,Redick,200755
Joakim Noah,Joakim,Noah,201149
Jock Landale,Jock,Landale,1629111
Jodie Meeks,Jodie,Meeks,201975
Joe Chealey,Joe,Chealey,1629147
Joe Harris,Joe,Harris,203925
Joe Ingles,Joe,Ingles,204060
Joe Johnson,Joe,Johnson,2207
Joe Wieskamp,Joe,Wieskamp,1630580
Joe Young,Joe,Young,1626202
Joel Anthony,Joel,Anthony,201202
Joel Ayayi,Joel,Ayayi,1630555
Joel Bolomboy,Joel,Bolomboy,1627762
Joel Embiid,Joel,Embiid,203954
Joel Freeland,Joel,Freeland,200777
Joey Dorsey,Joey,Dorsey,201595
Joffrey Lauvergne,Joffrey,Lauvergne,203530
John Butler Jr.,John,Butler Jr.,1631219
John Collins,John,Collins,1628381
John Henson,John,Henson,203089
John Holland,John,Holland,204066
John Jenkins,John,Jenkins,203098
John Konchar,John,Konchar,1629723
John Lucas III,John,Lucas III,101249
John Salmons,John,Salmons,2422
John Wall,John,Wall,202322
Johnathan Motley,Johnathan,Motley,1628405
Johnathan Williams,Johnathan,Williams,1629140
Johnny Davis,Johnny,Davis,1631098
Johnny Juzang,Johnny,Juzang,1630548
Johnny O'Bryant III,Johnny,O'Bryant III,203948
Jon Leuer,Jon,Leuer,202720
Jon Teske,Jon,Teske,1630257
Jonah Bolden,Jonah,Bolden,1628413
Jonas Jerebko,Jonas,Jerebko,201973
Jonas Valanciunas,Jonas,Valanciunas,202685
Jonathan Gibson,Jonathan,Gibson,1626780
Jonathan Isaac,Jonathan,Isaac,1628371
Jonathan Kuminga,Jonathan,Kuminga,1630228
Jonathon Simmons,Jonathon,Simmons,203613
Jontay Porter,Jontay,Porter,1629007
Jordan Adams,Jordan,Adams,203919
Jordan Bell,Jordan,Bell,1628395
Jordan Bone,Jordan,Bone,1629648
Jordan Clarkson,Jordan,Clarkson,203903
Jordan Crawford,Jordan,Crawford,202348
Jordan Farmar,Jordan,Farmar,200770
Jordan Goodwin,Jordan,Goodwin,1630692
Jordan Hall,Jordan,Hall,1631160
Jordan Hamilton,Jordan,Hamilton,202706
Jordan Hill,Jordan,Hill,201941
Jordan Loyd,Jordan,Loyd,1628070
Jordan McLaughlin,Jordan,McLaughlin,1629162
Jordan McRae,Jordan,McRae,203895
Jordan Mickey,Jordan,Mickey,1626175
Jordan Nwora,Jordan,Nwora,1629670
Jordan Poole,Jordan,Poole,1629673
Jordan Schakel,Jordan,Schakel,1630648
Jordan Sibert,Jordan,Sibert,1626296
Jorge Gutierrez,Jorge,Gutierrez,203268
Jose Alvarado,Jose,Alvarado,1630631
Jose Calderon,Jose,Calderon,101181
Josh Childress,Josh,Childress,2735
Josh Christopher,Josh,Christopher,1630528
Josh Giddey,Josh,Giddey,1630581
Josh Gray,Josh,Gray,1627982
Josh Green,Josh,Green,1630182
Josh Hall,Josh,Hall,1630221
Josh Harrellson,Josh,Harrellson,202725
Josh Hart,Josh,Hart,1628404
Josh Huestis,Josh,Huestis,203962
Josh Jackson,Josh,Jackson,1628367
Josh Magette,Josh,Magette,203705
Josh McRoberts,Josh,McRoberts,201177
Josh Minott,Josh,Minott,1631169
Josh Okogie,Josh,Okogie,1629006
Josh Powell,Josh,Powell,2694
Josh Reaves,Josh,Reaves,1629729
Josh Richardson,Josh,Richardson,1626196
Josh Smith,Josh,Smith,2746
Joshua Primo,Joshua,Primo,1630563
JR Smith,JR,Smith,2747
Jrue Holiday,Jrue,Holiday,201950
JT Thor,JT,Thor,1630550
Juan Toscano-Anderson,Juan,Toscano-Anderson,1629308
Juancho Hernangomez,Juancho,Hernangomez,1627823
Julian Champagnie,Julian,Champagnie,1630577
Julian Washburn,Julian,Washburn,1627395
Julius Randle,Julius,Randle,203944
Julyan Stone,Julyan,Stone,202933
Justin Anderson,Justin,Anderson,1626147
Justin Champagnie,Justin,Champagnie,1630551
Justin Hamilton,Justin,Hamilton,203120
Justin Harper,Justin,Harper,202712
Justin Holiday,Justin,Holiday,203200
Justin Jackson,Justin,Jackson,1628382
Justin James,Justin,James,1629713
Justin Lewis,Justin,Lewis,1631171
Justin Minaya,Justin,Minaya,1631303
Justin Patton,Justin,Patton,1628383
Justin Robinson,Justin,Robinson,1629620
Justin Wright-Foreman,Justin,Wright-Foreman,1629625
Justise Winslow,Justise,Winslow,1626159
Jusuf Nurkic,Jusuf,Nurkic,203994
Juwan Morgan,Juwan,Morgan,1629752
Kadeem Allen,Kadeem,Allen,1628443
Kai Jones,Kai,Jones,1630539
Kalin Lucas,Kalin,Lucas,203564
Karim Mane,Karim,Mane,1630211
Karl-Anthony Towns,Karl-Anthony,Towns,1626157
Kawhi Leonard,Kawhi,Leonard,202695
Kay Felder,Kay,Felder,1627770
Keegan Murray,Keegan,Murray,1631099
Keifer Sykes,Keifer,Sykes,1626208
Keita Bates-Diop,Keita,Bates-Diop,1628966
Keith Appling,Keith,Appling,203951
Keith Bogans,Keith,Bogans,2586
Kelan Martin,Kelan,Martin,1629103
Keldon Johnson,Keldon,Johnson,1629640
Keljin Blevins,Keljin,Blevins,1629833
Kelly Olynyk,Kelly,Olynyk,203482
Kelly Oubre Jr.,Kelly,Oubre Jr.,1626162
Kemba Walker,Kemba,Walker,202689
Kendall Brown,Kendall,Brown,1631112
Kendall Marshall,Kendall,Marshall,203088
Kendrick Nunn,Kendrick,Nunn,1629134
Kendrick Perkins,Kendrick,Perkins,2570
Kennedy Chandler,Kennedy,Chandler,1631113
Kenneth Faried,Kenneth,Faried,202702
Kenneth Lofton Jr.,Kenneth,Lofton Jr.,1631254
Kenny Wooten,Kenny,Wooten,1629624
Kenrich Williams,Kenrich,Williams,1629026
Kent Bazemore,Kent,Bazemore,203145
Kentavious Caldwell-Pope,Kentavious,Caldwell-Pope,203484
Kenyon Martin,Kenyon,Martin,2030
Kenyon Martin Jr.,Kenyon,Martin Jr.,1630231
Keon Ellis,Keon,Ellis,1631165
Keon Johnson,Keon,Johnson,1630553
Kessler Edwards,Kessler,Edwards,1630556
Kevin Durant,Kevin,Durant,201142
Kevin Garnett,Kevin,Garnett,708
Kevin Hervey,Kevin,Hervey,1628987
Kevin Huerter,Kevin,Huerter,1628989
Kevin Knox II,Kevin,Knox II,1628995
Kevin Knox II,Kevin,Knox II,1628995
Kevin Love,Kevin,Love,201567
Kevin Martin,Kevin,Martin,2755
Kevin Pangos,Kevin,Pangos,1630698
Kevin Porter Jr.,Kevin,Porter Jr.,1629645
Kevin Seraphin,Kevin,Seraphin,202338
Kevon Harris,Kevon,Harris,1630284
Kevon Looney,Kevon,Looney,1626172
Khem Birch,Khem,Birch,203920
Khris Middleton,Khris,Middleton,203114
Khyri Thomas,Khyri,Thomas,1629017
Killian Hayes,Killian,Hayes,1630165
Killian Tillie,Killian,Tillie,1629681
Kira Lewis Jr.,Kira,Lewis Jr.,1630184
Kirk Hinrich,Kirk,Hinrich,2550
KJ McDaniels,KJ,McDaniels,203909
Klay Thompson,Klay,Thompson,202691
Kobe Bryant,Kobe,Bryant,977
Kobi Simmons,Kobi,Simmons,1628424
Kosta Koufos,Kosta,Koufos,201585
Kostas Antetokounmpo,Kostas,Antetokounmpo,1628961
Kostas Papanikolaou,Kostas,Papanikolaou,203123
Kris Dunn,Kris,Dunn,1627739
Kris Humphries,Kris,Humphries,2743
Kristaps Porzingis,Kristaps,Porzingis,204001
Ky Bowman,Ky,Bowman,1629065
Kyle Alexander,Kyle,Alexander,1629734
Kyle Anderson,Kyle,Anderson,203937
Kyle Collinsworth,Kyle,Collinsworth,1627858
Kyle Guy,Kyle,Guy,1629657
Kyle Korver,Kyle,Korver,2594
Kyle Kuzma,Kyle,Kuzma,1628398
Kyle Lowry,Kyle,Lowry,200768
Kyle O'Quinn,Kyle,O'Quinn,203124
Kyle Singler,Kyle,Singler,202713
Kyle Wiltjer,Kyle,Wiltjer,1627787
Kyrie Irving,Kyrie,Irving,202681
KZ Okpala,KZ,Okpala,1629644
Lamar Odom,Lamar,Odom,1885
Lamar Patterson,Lamar,Patterson,203934
Lamar Stevens,Lamar,Stevens,1630205
LaMarcus Aldridge,LaMarcus,Aldridge,200746
LaMelo Ball,LaMelo,Ball,1630163
Lance Stephenson,Lance,Stephenson,202362
Lance Thomas,Lance,Thomas,202498
Landry Fields,Landry,Fields,202361
Landry Shamet,Landry,Shamet,1629013
Langston Galloway,Langston,Galloway,204038
Larry Drew II,Larry,Drew II,203580
Larry Nance Jr.,Larry,Nance Jr.,1626204
Larry Sanders,Larry,Sanders,202336
Lauri Markkanen,Lauri,Markkanen,1628374
Lavoy Allen,Lavoy,Allen,202730
Leandro Barbosa,Leandro,Barbosa,2571
Leandro Bolmaro,Leandro,Bolmaro,1630195
LeBron James,LeBron,James,2544
Lester Hudson,Lester,Hudson,201991
Lester Quinones,Lester,Quinones,1631311
Lindell Wigginton,Lindell,Wigginton,1629623
Lindy Waters III,Lindy,Waters III,1630322
London Perrantes,London,Perrantes,1628506
Lonnie Walker IV,Lonnie,Walker IV,1629022
Lonzo Ball,Lonzo,Ball,1628366
Lorenzo Brown,Lorenzo,Brown,203485
Lou Amundson,Lou,Amundson,200811
Lou Williams,Lou,Williams,101150
Louis King,Louis,King,1629663
Luc Mbah a Moute,Luc,Mbah a Moute,201601
Luca Vildoza,Luca,Vildoza,1630492
Lucas Nogueira,Lucas,Nogueira,203512
Luguentz Dort,Luguentz,Dort,1629652
Luis Montero,Luis,Montero,1626242
Luis Scola,Luis,Scola,2449
Luka Doncic,Luka,Doncic,1629029
Luka Garza,Luka,Garza,1630568
Luka Samanic,Luka,Samanic,1629677
Luke Babbitt,Luke,Babbitt,202337
Luke Kennard,Luke,Kennard,1628379
Luke Kornet,Luke,Kornet,1628436
Luke Ridnour,Luke,Ridnour,2557
Luol Deng,Luol,Deng,2736
Maalik Wayns,Maalik,Wayns,203146
Mac McClung,Mac,McClung,1630644
Malachi Flynn,Malachi,Flynn,1630201
Malachi Richardson,Malachi,Richardson,1627781
Malaki Branham,Malaki,Branham,1631103
Malcolm Brogdon,Malcolm,Brogdon,1627763
Malcolm Delaney,Malcolm,Delaney,1627098
Malcolm Hill,Malcolm,Hill,1630792
Malcolm Lee,Malcolm,Lee,202723
Malcolm Miller,Malcolm,Miller,1626259
Malcolm Thomas,Malcolm,Thomas,202952
Malik Beasley,Malik,Beasley,1627736
Malik Ellison,Malik,Ellison,1630707
Malik Fitts,Malik,Fitts,1630238
Malik Monk,Malik,Monk,1628370
Malik Newman,Malik,Newman,1629005
Mamadi Diakite,Mamadi,Diakite,1629603
Mangok Mathiang,Mangok,Mathiang,1628493
Manny Harris,Manny,Harris,202412
Manu Ginobili,Manu,Ginobili,1938
Marc Gasol,Marc,Gasol,201188
Marcelo Huertas,Marcelo,Huertas,1626273
Marcin Gortat,Marcin,Gortat,101162
Marco Belinelli,Marco,Belinelli,201158
Marcus Derrickson,Marcus,Derrickson,1629094
Marcus Garrett,Marcus,Garrett,1630585
Marcus Georges-Hunt,Marcus,Georges-Hunt,1627875
Marcus Morris Sr.,Marcus,Morris Sr.,202694
Marcus Morris Sr.,Marcus,Morris Sr.,202694
Marcus Paige,Marcus,Paige,1627779
Marcus Smart,Marcus,Smart,203935
Marcus Thornton,Marcus,Thornton,201977
Marial Shayok,Marial,Shayok,1629621
Mario Chalmers,Mario,Chalmers,201596
Mario Hezonja,Mario,Hezonja,1626209
MarJon Beauchamp,MarJon,Beauchamp,1630699
Mark Williams,Mark,Williams,1631109
Markel Brown,Markel,Brown,203900
Markelle Fultz,Markelle,Fultz,1628365
Markieff Morris,Markieff,Morris,202693
Marko Guduric,Marko,Guduric,1629741
Marko Simonovic,Marko,Simonovic,1630250
Markus Howard,Markus,Howard,1630210
Marques Bolden,Marques,Bolden,1629716
Marquese Chriss,Marquese,Chriss,1627737
Marquis Teague,Marquis,Teague,203104
Marreese Speights,Marreese,Speights,201578
Marshall Plumlee,Marshall,Plumlee,1627850
MarShon Brooks,MarShon,Brooks,202705
Martell Webster,Martell,Webster,101110
Marvin Bagley III,Marvin,Bagley III,1628963
Marvin Williams,Marvin,Williams,101107
Mason Jones,Mason,Jones,1630222
Mason Plumlee,Mason,Plumlee,203486
Matisse Thybulle,Matisse,Thybulle,1629680
Matt Barnes,Matt,Barnes,2440
Matt Bonner,Matt,Bonner,2588
Matt Costello,Matt,Costello,1627856
Matt Mooney,Matt,Mooney,1629760
Matt Ryan,Matt,Ryan,1630346
Matt Thomas,Matt,Thomas,1629744
Matt Williams Jr.,Matt,Williams Jr.,1628475
Matthew Dellavedova,Matthew,Dellavedova,203521
Maurice Harkless,Maurice,Harkless,203090
Maurice Ndour,Maurice,Ndour,1626254
Max Christie,Max,Christie,1631108
Max Strus,Max,Strus,1629622
Maxi Kleber,Maxi,Kleber,1628467
McKinley Wright IV,McKinley,Wright IV,1630593
Melvin Ely,Melvin,Ely,2408
Melvin Frazier Jr.,Melvin,Frazier Jr.,1628982
Metta World Peace,Metta,World Peace,1897
Meyers Leonard,Meyers,Leonard,203086
Mfiondu Kabengele,Mfiondu,Kabengele,1629662
Micah Potter,Micah,Potter,1630695
Michael Beasley,Michael,Beasley,201563
Michael Carter-Williams,Michael,Carter-Williams,203487
Michael Foster Jr.,Michael,Foster Jr.,1630701
Michael Frazier II,Michael,Frazier II,1626187
Michael Frazier II,Michael,Frazier II,1626187
Michael Gbinije,Michael,Gbinije,1627771
Michael Kidd-Gilchrist,Michael,Kidd-Gilchrist,203077
Michael Porter Jr.,Michael,Porter Jr.,1629008
Mikal Bridges,Mikal,Bridges,1628969
Mike Conley,Mike,Conley,201144
Mike Dunleavy,Mike,Dunleavy,2399
Mike Harris,Mike,Harris,200839
Mike James,Mike,James,2229
Mike James,Mike,James,1628455
Mike Miller,Mike,Miller,2034
Mike Muscala,Mike,Muscala,203488
Mike Scott,Mike,Scott,203118
Mike Tobey,Mike,Tobey,1627861
Miles Bridges,Miles,Bridges,1628970
Miles McBride,Miles,McBride,1630540
Miles Plumlee,Miles,Plumlee,203101
Milos Teodosic,Milos,Teodosic,1628462
Milton Doyle,Milton,Doyle,1628495
Mindaugas Kuzminskas,Mindaugas,Kuzminskas,1627851
Miroslav Raduljica,Miroslav,Raduljica,203545
Mirza Teletovic,Mirza,Teletovic,203141
Mitch McGary,Mitch,McGary,203956
Mitchell Creek,Mitchell,Creek,1628249
Mitchell Robinson,Mitchell,Robinson,1629011
Miye Oni,Miye,Oni,1629671
MJ Walker,MJ,Walker,1630640
Mo Bamba,Mo,Bamba,1628964
Mo Williams,Mo,Williams,2590
Monta Ellis,Monta,Ellis,101145
Monte Morris,Monte,Morris,1628420
Montrezl Harrell,Montrezl,Harrell,1626149
Moritz Wagner,Moritz,Wagner,1629021
Moses Brown,Moses,Brown,1629650
Moses Moody,Moses,Moody,1630541
Moses Wright,Moses,Wright,1630589
Moussa Diabate,Moussa,Diabate,1631217
Mustafa Shakur,Mustafa,Shakur,201203
Mychal Mulder,Mychal,Mulder,1628539
Myke Henry,Myke,Henry,1627988
Myles Powell,Myles,Powell,1629619
Myles Turner,Myles,Turner,1626167
Naji Marshall,Naji,Marshall,1630230
Nando De Colo,Nando,De Colo,201986
Nassir Little,Nassir,Little,1629642
Nate Darling,Nate,Darling,1630268
Nate Hinton,Nate,Hinton,1630207
Nate Robinson,Nate,Robinson,101126
Nate Wolters,Nate,Wolters,203489
Nathan Knight,Nathan,Knight,1630233
Naz Mitrou-Long,Naz,Mitrou-Long,1628513
Naz Reid,Naz,Reid,1629675
Nazr Mohammed,Nazr,Mohammed,1737
Neemias Queta,Neemias,Queta,1629674
Nemanja Bjelica,Nemanja,Bjelica,202357
Nemanja Nedovic,Nemanja,Nedovic,203517
Nene,,Nene,2403
Nerlens Noel,Nerlens,Noel,203457
Nic Claxton,Nic,Claxton,1629651
Nick Calathes,Nick,Calathes,201979
Nick Collison,Nick,Collison,2555
Nick Johnson,Nick,Johnson,203910
Nick Richards,Nick,Richards,1630208
Nick Young,Nick,Young,201156
Nickeil Alexander-Walker,Nickeil,Alexander-Walker,1629638
Nico Mannion,Nico,Mannion,1630185
Nicolas Batum,Nicolas,Batum,201587
Nicolas Brussino,Nicolas,Brussino,1627852
Nicolas Laprovittola,Nicolas,Laprovittola,1627879
Nicolo Melli,Nicolo,Melli,1629740
Nigel Hayes,Nigel,Hayes,1628502
Nigel Williams-Goss,Nigel,Williams-Goss,1628430
Nik Stauskas,Nik,Stauskas,203917
Nikola Jokic,Nikola,Jokic,203999
Nikola Jovic,Nikola,Jovic,1631107
Nikola Mirotic,Nikola,Mirotic,202703
Nikola Pekovic,Nikola,Pekovic,201593
Nikola Vucevic,Nikola,Vucevic,202696
Noah Vonleh,Noah,Vonleh,203943
Norman Powell,Norman,Powell,1626181
Norris Cole,Norris,Cole,202708
Norvel Pelle,Norvel,Pelle,203658
O.G. Anunoby,O.G.,Anunoby,1628384
O.J. Mayo,O.J.,Mayo,201564
Obi Toppin,Obi,Toppin,1630167
Ochai Agbaji,Ochai,Agbaji,1630534
Ognjen Kuzmic,Ognjen,Kuzmic,203136
Okaro White,Okaro,White,1627855
Olivier Sarr,Olivier,Sarr,1630846
Omari Johnson,Omari,Johnson,204179
Omari Spellman,Omari,Spellman,1629016
Omer Asik,Omer,Asik,201600
Omer Yurtseven,Omer,Yurtseven,1630209
Omri Casspi,Omri,Casspi,201956
Onyeka Okongwu,Onyeka,Okongwu,1630168
Orlando Johnson,Orlando,Johnson,203111
Orlando Robinson,Orlando,Robinson,1631115
Oshae Brissett,Oshae,Brissett,1629052
Othyus Jeffers,Othyus,Jeffers,201785
Otto Porter Jr.,Otto,Porter Jr.,203490
Ousmane Dieng,Ousmane,Dieng,1631172
P.J. Tucker,P.J.,Tucker,200782
P.J. Washington,P.J.,Washington,1629023
Pablo Prigioni,Pablo,Prigioni,203143
Paolo Banchero,Paolo,Banchero,1631094
Paris Bass,Paris,Bass,1628238
Pascal Siakam,Pascal,Siakam,1627783
Pat Connaughton,Pat,Connaughton,1626192
Patricio Garino,Patricio,Garino,1627868
Patrick Baldwin Jr.,Patrick,Baldwin Jr.,1631116
Patrick Beverley,Patrick,Beverley,201976
Patrick Christopher,Patrick,Christopher,203565
Patrick McCaw,Patrick,McCaw,1627775
Patrick Patterson,Patrick,Patterson,202335
Patrick Williams,Patrick,Williams,1630172
Patty Mills,Patty,Mills,201988
Pau Gasol,Pau,Gasol,2200
Paul George,Paul,George,202331
Paul Millsap,Paul,Millsap,200794
Paul Pierce,Paul,Pierce,1718
Paul Reed,Paul,Reed,1630194
Paul Watson,Paul,Watson,1628778
Paul Zipser,Paul,Zipser,1627835
Payton Pritchard,Payton,Pritchard,1630202
Pero Antic,Pero,Antic,203544
Perry Jones III,Perry,Jones III,203103
Petr Cornelie,Petr,Cornelie,1627822
Peyton Siva,Peyton,Siva,203491
Peyton Watson,Peyton,Watson,1631212
Phil Pressey,Phil,Pressey,203515
Pierre Jackson,Pierre,Jackson,203510
PJ Dozier,PJ,Dozier,1628408
PJ Hairston,PJ,Hairston,203798
Precious Achiuwa,Precious,Achiuwa,1630173
Quentin Grimes,Quentin,Grimes,1629656
Quenton Jackson,Quenton,Jackson,1631245
Quincy Acy,Quincy,Acy,203112
Quincy Miller,Quincy,Miller,203113
Quincy Pondexter,Quincy,Pondexter,202347
Quinn Cook,Quinn,Cook,1626188
Quinndary Weatherspoon,Quinndary,Weatherspoon,1629683
R.J. Hampton,R.J.,Hampton,1630181
Rajon Rondo,Rajon,Rondo,200765
Rakeem Christmas,Rakeem,Christmas,1626176
Ramon Sessions,Ramon,Sessions,201196
Randy Foye,Randy,Foye,200751
Rashad Vaughn,Rashad,Vaughn,1626173
Rashard Lewis,Rashard,Lewis,1740
Rasual Butler,Rasual,Butler,2446
Raul Neto,Raul,Neto,203526
Rawle Alkins,Rawle,Alkins,1628959
Ray Allen,Ray,Allen,951
Ray McCallum,Ray,McCallum,203492
Ray Spalding,Ray,Spalding,1629034
Rayjon Tucker,Rayjon,Tucker,1629730
Raymond Felton,Raymond,Felton,101109
Reggie Bullock,Reggie,Bullock,203493
Reggie Evans,Reggie,Evans,2501
Reggie Hearn,Reggie,Hearn,203687
Reggie Jackson,Reggie,Jackson,202704
Reggie Perry,Reggie,Perry,1629617
Reggie Williams,Reggie,Williams,202130
Richard Jefferson,Richard,Jefferson,2210
Richaun Holmes,Richaun,Holmes,1626158
Ricky Ledo,Ricky,Ledo,203495
Ricky Rubio,Ricky,Rubio,201937
RJ Barrett,RJ,Barrett,1629628
RJ Hunter,RJ,Hunter,1626154
RJ Nembhard Jr.,RJ,Nembhard Jr.,1630612
Rob Edwards,Rob,Edwards,1630306
Robbie Hummel,Robbie,Hummel,203133
Robert Covington,Robert,Covington,203496
Robert Franks,Robert,Franks,1629606
Robert Sacre,Robert,Sacre,203135
Robert Williams III,Robert,Williams III,1629057
Robert Woodard II,Robert,Woodard II,1630218
Robin Lopez,Robin,Lopez,201577
Rodions Kurucs,Rodions,Kurucs,1629066
Rodney Hood,Rodney,Hood,203918
Rodney McGruder,Rodney,McGruder,203585
Rodney Purvis,Rodney,Purvis,1628681
Rodney Stuckey,Rodney,Stuckey,201155
Roger Mason Jr.,Roger,Mason Jr.,2427
Romeo Langford,Romeo,Langford,1629641
Ron Baker,Ron,Baker,1627758
Ron Harper Jr.,Ron,Harper Jr.,1631199
Rondae Hollis-Jefferson,Rondae,Hollis-Jefferson,1626178
Ronnie Brewer,Ronnie,Brewer,200758
Ronnie Price,Ronnie,Price,101179
Ronny Turiaf,Ronny,Turiaf,101142
Roy Hibbert,Roy,Hibbert,201579
Royal Ivey,Royal,Ivey,2767
Royce O'Neale,Royce,O'Neale,1626220
Royce White,Royce,White,203091
Rudy Gay,Rudy,Gay,200752
Rudy Gobert,Rudy,Gobert,203497
Rui Hachimura,Rui,Hachimura,1629060
Russ Smith,Russ,Smith,203893
Russell Westbrook,Russell,Westbrook,201566
Ryan Anderson,Ryan,Anderson,201583
Ryan Arcidiacono,Ryan,Arcidiacono,1627853
Ryan Broekhoff,Ryan,Broekhoff,1629151
Ryan Gomes,Ryan,Gomes,101155
Ryan Hollins,Ryan,Hollins,200797
Ryan Kelly,Ryan,Kelly,203527
Ryan Rollins,Ryan,Rollins,1631157
Saben Lee,Saben,Lee,1630240
Saddiq Bey,Saddiq,Bey,1630180
Salah Mejri,Salah,Mejri,1626257
Sam Dekker,Sam,Dekker,1626155
Sam Hauser,Sam,Hauser,1630573
Sam Merrill,Sam,Merrill,1630241
Samuel Dalembert,Samuel,Dalembert,2223
Sandro Mamukelashvili,Sandro,Mamukelashvili,1630572
Santi Aldama,Santi,Aldama,1630583
Sasha Kaun,Sasha,Kaun,201619
Sasha Vujacic,Sasha,Vujacic,2756
Scott Machado,Scott,Machado,203159
Scottie Barnes,Scottie,Barnes,1630567
Scottie Lewis,Scottie,Lewis,1630575
Scotty Hopson,Scotty,Hopson,203816
Scotty Pippen Jr.,Scotty,Pippen Jr.,1630590
Sean Kilpatrick,Sean,Kilpatrick,203930
Sean McDermott,Sean,McDermott,1630253
Sebastian Telfair,Sebastian,Telfair,2742
Sekou Doumbouya,Sekou,Doumbouya,1629635
Semaj Christon,Semaj,Christon,203902
Semi Ojeleye,Semi,Ojeleye,1628400
Serge Ibaka,Serge,Ibaka,201586
Sergey Karasev,Sergey,Karasev,203508
Sergio Rodriguez,Sergio,Rodriguez,200771
Seth Curry,Seth,Curry,203552
Shabazz Muhammad,Shabazz,Muhammad,203498
Shabazz Napier,Shabazz,Napier,203894
Shaedon Sharpe,Shaedon,Sharpe,1631101
Shai Gilgeous-Alexander,Shai,Gilgeous-Alexander,1628983
Shake Milton,Shake,Milton,1629003
Shamorie Ponds,Shamorie,Ponds,1629044
Shane Battier,Shane,Battier,2203
Shane Edwards,Shane,Edwards,202197
Shane Larkin,Shane,Larkin,203499
Shannon Brown,Shannon,Brown,200769
Shaq Buchanan,Shaq,Buchanan,1629783
Shaquille Harrison,Shaquille,Harrison,1627885
Sharife Cooper,Sharife,Cooper,1630536
Shaun Livingston,Shaun,Livingston,2733
Shavlik Randolph,Shavlik,Randolph,101183
Shawn Long,Shawn,Long,1627848
Shawn Marion,Shawn,Marion,1890
Shawne Williams,Shawne,Williams,200761
Shayne Whittington,Shayne,Whittington,203963
Sheldon Mac,Sheldon,Mac,1627815
Shelvin Mack,Shelvin,Mack,202714
Sim Bhullar,Sim,Bhullar,204021
Simone Fontecchio,Simone,Fontecchio,1631323
Sindarius Thornwell,Sindarius,Thornwell,1628414
Skal Labissiere,Skal,Labissiere,1627746
Skylar Mays,Skylar,Mays,1630219
Solomon Hill,Solomon,Hill,203524
Solomon Jones,Solomon,Jones,200780
Sonny Weems,Sonny,Weems,201603
Spencer Dinwiddie,Spencer,Dinwiddie,203915
Spencer Hawes,Spencer,Hawes,201150
Stanley Johnson,Stanley,Johnson,1626169
Stanley Umude,Stanley,Umude,1630649
Stanton Kidd,Stanton,Kidd,1629742
Stephen Curry,Stephen,Curry,201939
Stephen Jackson,Stephen,Jackson,1536
Stephen Zimmerman,Stephen,Zimmerman,1627757
Sterling Brown,Sterling,Brown,1628425
Steve Blake,Steve,Blake,2581
Steve Nash,Steve,Nash,959
Steve Novak,Steve,Novak,200779
Steven Adams,Steven,Adams,203500
Svi Mykhailiuk,Svi,Mykhailiuk,1629004
T.J. Leaf,T.J.,Leaf,1628388
T.J. McConnell,T.J.,McConnell,204456
T.J. Warren,T.J.,Warren,203933
Tacko Fall,Tacko,Fall,1629605
Tahjere McCall,Tahjere,McCall,1628769
Taj Gibson,Taj,Gibson,201959
Talen Horton-Tucker,Talen,Horton-Tucker,1629659
Tari Eason,Tari,Eason,1631106
Tarik Black,Tarik,Black,204028
Tarik Phillip,Tarik,Phillip,1629341
Tariq Owens,Tariq,Owens,1629745
Taurean Prince,Taurean,Prince,1627752
Tayshaun Prince,Tayshaun,Prince,2419
Terance Mann,Terance,Mann,1629611
Terence Davis,Terence,Davis,1629056
Terrance Ferguson,Terrance,Ferguson,1628390
Terrence Jones,Terrence,Jones,203093
Terrence Ross,Terrence,Ross,203082
Terry Rozier,Terry,Rozier,1626179
Terry Taylor,Terry,Taylor,1630678
Thabo Sefolosha,Thabo,Sefolosha,200757
Thaddeus Young,Thaddeus,Young,201152
Thanasis Antetokounmpo,Thanasis,Antetokounmpo,203648
Theo Maledon,Theo,Maledon,1630177
Theo Pinson,Theo,Pinson,1629033
Thomas Bryant,Thomas,Bryant,1628418
Thomas Robinson,Thomas,Robinson,203080
Thomas Welsh,Thomas,Welsh,1629118
Thon Maker,Thon,Maker,1627748
Tiago Splitter,Tiago,Splitter,201168
Tibor Pleiss,Tibor,Pleiss,202353
Tim Duncan,Tim,Duncan,1495
Tim Frazier,Tim,Frazier,204025
Tim Hardaway Jr.,Tim,Hardaway Jr.,203501
Tim Quarterman,Tim,Quarterman,1627817
Timofey Mozgov,Timofey,Mozgov,202389
Timothe Luwawu-Cabarrot,Timothe,Luwawu-Cabarrot,1627789
Tobias Harris,Tobias,Harris,202699
Tomas Satoransky,Tomas,Satoransky,203107
Toney Douglas,Toney,Douglas,201962
Tony Allen,Tony,Allen,2754
Tony Bradley,Tony,Bradley,1628396
Tony Mitchell,Tony,Mitchell,203502
Tony Parker,Tony,Parker,2225
Tony Snell,Tony,Snell,203503
Tony Wroten,Tony,Wroten,203100
Tornike Shengelia,Tornike,Shengelia,203129
Torrey Craig,Torrey,Craig,1628470
Toure' Murry,Toure',Murry,203315
Trae Young,Trae,Young,1629027
Travis Outlaw,Travis,Outlaw,2566
Travis Wear,Travis,Wear,204037
Trayvon Palmer,Trayvon,Palmer,1629309
Tre Jones,Tre,Jones,1630200
Tre Mann,Tre,Mann,1630544
Tremont Waters,Tremont,Waters,1629682
Trendon Watford,Trendon,Watford,1630570
Trent Forrest,Trent,Forrest,1630235
Trevelin Queen,Trevelin,Queen,1630243
Treveon Graham,Treveon,Graham,1626203
Trevon Bluiett,Trevon,Bluiett,1629129
Trevon Duval,Trevon,Duval,1628979
Trevon Scott,Trevon,Scott,1630286
Trevor Ariza,Trevor,Ariza,2772
Trevor Booker,Trevor,Booker,202344
Trevor Hudgins,Trevor,Hudgins,1631309
Trevor Keels,Trevor,Keels,1631211
Trey Burke,Trey,Burke,203504
Trey Lyles,Trey,Lyles,1626168
Trey McKinney-Jones,Trey,McKinney-Jones,203590
Trey Murphy III,Trey,Murphy III,1630530
Tristan Thompson,Tristan,Thompson,202684
Troy Brown Jr.,Troy,Brown Jr.,1628972
Troy Caupain,Troy,Caupain,1628505
Troy Daniels,Troy,Daniels,203584
Troy Williams,Troy,Williams,1627786
Ty Jerome,Ty,Jerome,1629660
Ty Lawson,Ty,Lawson,201951
Ty-Shon Alexander,Ty-Shon,Alexander,1630234
Tyler Bey,Tyler,Bey,1630189
Tyler Cavanaugh,Tyler,Cavanaugh,1628463
Tyler Cook,Tyler,Cook,1629076
Tyler Davis,Tyler,Davis,1629093
Tyler Dorsey,Tyler,Dorsey,1628416
Tyler Ennis,Tyler,Ennis,203898
Tyler Hall,Tyler,Hall,1629788
Tyler Hansbrough,Tyler,Hansbrough,201946
Tyler Herro,Tyler,Herro,1629639
Tyler Johnson,Tyler,Johnson,204020
Tyler Lydon,Tyler,Lydon,1628399
Tyler Ulis,Tyler,Ulis,1627755
Tyler Zeller,Tyler,Zeller,203092
Tyreke Evans,Tyreke,Evans,201936
Tyrell Terry,Tyrell,Terry,1630179
Tyrese Haliburton,Tyrese,Haliburton,1630169
Tyrese Martin,Tyrese,Martin,1631213
Tyrese Maxey,Tyrese,Maxey,1630178
Tyrone Wallace,Tyrone,Wallace,1627820
Tyrus Thomas,Tyrus,Thomas,200748
Tyshawn Taylor,Tyshawn,Taylor,203116
Tyson Chandler,Tyson,Chandler,2199
TyTy Washington Jr.,TyTy,Washington Jr.,1631102
Tyus Jones,Tyus,Jones,1626145
Udoka Azubuike,Udoka,Azubuike,1628962
Udonis Haslem,Udonis,Haslem,2617
Usman Garuba,Usman,Garuba,1630586
Vander Blue,Vander,Blue,203505
Vernon Carey Jr.,Vernon,Carey Jr.,1630176
Viacheslav Kravtsov,Viacheslav,Kravtsov,203139
Vic Law,Vic,Law,1629724
Victor Claver,Victor,Claver,201964
Victor Oladipo,Victor,Oladipo,203506
Vince Carter,Vince,Carter,1713
Vince Williams Jr.,Vince,Williams Jr.,1631246
Vincent Edwards,Vincent,Edwards,1629053
Vincent Hunter,Vincent,Hunter,1626205
Vincent Poirier,Vincent,Poirier,1629738
Vit Krejci,Vit,Krejci,1630249
Vitor Faverani,Vitor,Faverani,203543
Vlatko Cancar,Vlatko,Cancar,1628427
Wade Baldwin IV,Wade,Baldwin IV,1627735
Walker Kessler,Walker,Kessler,1631117
Walt Lemon Jr.,Walt,Lemon Jr.,1627215
Wayne Ellington,Wayne,Ellington,201961
Wayne Selden,Wayne,Selden,1627782
Wendell Carter Jr.,Wendell,Carter Jr.,1628976
Wendell Moore Jr.,Wendell,Moore Jr.,1631111
Wenyen Gabriel,Wenyen,Gabriel,1629117
Wes Iwundu,Wes,Iwundu,1628411
Wesley Johnson,Wesley,Johnson,202325
Wesley Matthews,Wesley,Matthews,202083
Will Barton,Will,Barton,203115
Will Bynum,Will,Bynum,101198
Will Cherry,Will,Cherry,203805
Will Magnay,Will,Magnay,1630266
William Howard,William,Howard,1629739
Willie Cauley-Stein,Willie,Cauley-Stein,1626161
Willie Green,Willie,Green,2584
Willie Reed,Willie,Reed,203186
Willy Hernangomez,Willy,Hernangomez,1626195
Wilson Chandler,Wilson,Chandler,201163
Xavier Cooks,Xavier,Cooks,1641645
Xavier Henry,Xavier,Henry,202333
Xavier Moon,Xavier,Moon,1629875
Xavier Munford,Xavier,Munford,204098
Xavier Rathan-Mayes,Xavier,Rathan-Mayes,1628504
Xavier Silas,Xavier,Silas,202918
Xavier Sneed,Xavier,Sneed,1630270
Xavier Tillman,Xavier,Tillman,1630214
Yante Maten,Yante,Maten,1628999
Yogi Ferrell,Yogi,Ferrell,1627812
Yuta Watanabe,Yuta,Watanabe,1629139
Yves Pons,Yves,Pons,1630582
Zach Collins,Zach,Collins,1628380
Zach LaVine,Zach,LaVine,203897
Zach Lofton,Zach,Lofton,1629155
Zach Norvell Jr.,Zach,Norvell Jr.,1629668
Zach Randolph,Zach,Randolph,2216
Zavier Simpson,Zavier,Simpson,1630285
Zaza Pachulia,Zaza,Pachulia,2585
Zeke Nnaji,Zeke,Nnaji,1630192
Zhaire Smith,Zhaire,Smith,1629015
Zhou Qi,,Zhou Qi,1627753
Ziaire Williams,Ziaire,Williams,1630533
Zion Williamson,Zion,Williamson,1629627
Zoran Dragic,Zoran,Dragic,204054
Zylan Cheatham,Zylan,Cheatham,1629597